[
   {
    "IISitePool":{
       "name":"DemoPool",
       "managedRuntimeVersion":"v4.0",
       "managedPipelineMode":"Integrated",
       "features":[
          {
            "autoStart":true
          }
       ]
    },
      "IISiteServer":{
         "name":"DemoSite",
         "physicalpath":"C:\\inetpub\\wwwroot\\",
         "binding":"http/*:80:",
         "features":[
            {
                "serverAutoStart":true
            }
         ]
      },
      "IISiteApp":{
         "name":"DemoApp",
         "physicalpath":"C:\\inetpub\\wwwroot\\",
         "features":[
            {
               "preloadEnabled":true
            }
         ]
      }
   }
]